﻿PageTitle,Zone,PriceEuro,NoOfRooms,UsefulArea,TotalUsefulArea,BuiltSurface,Partitioning,Comfort,Floor,NoOfKitchens,NoOfBathrooms,ConstructionYear,ResistanceStructure,BuildingType,TotalFloors,NoOfBalconies,PageId,LastUpdate,Image1,Image2
" Apartament 3 camere 60 mp decomandat Sos Nicolina Cug Bloc Nou  "," Iasi, zona Cug - HartăVezi hartă ",255.636 RON59.942 USD54.000 EUR,3,60 mp,60 mp,75 mp,decomandat,1,Etaj 4 / 11,1,1,2019 (in constructie),beton,bloc de apartamente,P+11E,1 (închise),XATQ0000K," Actualizat in 10.04.2019 ",XATQ0000K-image1.jpg,XATQ0000K-image2.jpg
" Apartament 2 Camere Decomandat etajul 1 Tatarasi Flora la bulevard bl fara risc  "," Iasi, zona Tatarasi - HartăVezi hartă ",267.471 RON62.717 USD56.500 EUR,2,55 mp,,55 mp,decomandat,1,Etaj 1 / 4,1,1,1973,beton,bloc de apartamente,P+4E,1,," Actualizat in 19.07.2019 ",-image1.jpg,-image2.jpg
" Apartament 3 camere decomandat modern Sos Nicolina cug  "," Iasi, zona Cug - HartăVezi hartă ",285.460 RON66.936 USD60.300 EUR,3,67 mp,67 mp,84 mp,decomandat,1,Etaj 1 / 6,1,1,2019 (in constructie),beton,bloc de apartamente,S+P+6E,1,XATQ00003," Actualizat in 05.04.2019 ",XATQ00003-image1.jpg,XATQ00003-image2.jpg
" Bloc finalizat. Ap 3 camere, 72.76 mp, Copou-Universitate  "," Iasi, zona Copou - HartăVezi hartă ",549.144 RON128.765 USD116.000 EUR,3,"68,09 mp",,"72,76 mp",nedecomandat,lux,Parter / 9,1,1,2019 (finalizata),altele,bloc de apartamente,P+9E,1,X5Q11006T," Actualizat in 31.07.2019 ",X5Q11006T-image1.jpg,X5Q11006T-image2.jpg
" Apartament 2 camere modern incalzire pardoseala Sos Nicolina Cug  "," Iasi, zona Cug - HartăVezi hartă ",234.333 RON54.947 USD49.500 EUR,2,55 mp,55 mp,65 mp,decomandat,1,Etaj 1 / 6,1,1,2019 (finalizata),beton,bloc de apartamente,P+6E,1,XATQ0000G," Actualizat in 10.04.2019 ",XATQ0000G-image1.jpg,XATQ0000G-image2.jpg
" Direct proprietar, apartament 3 camere Oancea, etaj intermediar  "," Iasi, zona Tatarasi - HartăVezi hartă ",402.390 RON94.354 USD85.000 EUR,3,68 mp,,68 mp,semidecomandat,1,Etaj 1 / 5,1,2,2018,beton,bloc de apartamente,P+5E,2,X5AK10016," Actualizat in 10.07.2019 ",X5AK10016-image1.jpg,X5AK10016-image2.jpg
" Apartament nou, la bulevard si langa statie autobuz RATP, Bucium  "," Iasi, zona Bucium - HartăVezi hartă ",208.296 RON48.842 USD44.000 EUR,2,42 mp,59 mp,79 mp,decomandat,1,Etaj 1 / 7,1,1,2020 (in constructie),beton,bloc de apartamente,S+D+P+7E,1,X4Q20001M," Actualizat in 24.06.2019 ",X4Q20001M-image1.jpg,X4Q20001M-image2.jpg
" Bloc finalizat. Ap 2 camere, 72.44 mp, Copou-Universitate  "," Iasi, zona Copou - HartăVezi hartă ",549.144 RON128.765 USD116.000 EUR,2,"64,73 mp",,"72,44 mp",decomandat,lux,Etaj 1 / 9,1,1,2018,altele,bloc de apartamente,P+9E,1,X5Q11005K," Actualizat in 31.07.2019 ",X5Q11005K-image1.jpg,X5Q11005K-image2.jpg
" Comision 0%, 3 camere, 88.04 mp, bloc nou Copou  "," Iasi, zona Copou - HartăVezi hartă ",359.784 RON84.363 USD76.000 EUR,3,69 mp,,95 mp,decomandat,1,Parter / 3,1,2,2018,altele,bloc de apartamente,P+3E,3,X5Q110090," Actualizat in 11.07.2019 ",X5Q110090-image1.jpg,X5Q110090-image2.jpg
" Penthouse exclusivist, 155 MP, Copou - Universitate  "," Iasi, zona Copou - HartăVezi hartă ",1.287.648 RON301.932 USD272.000 EUR,3,"117,12 mp",,"154,84 mp",nedecomandat,lux,Etaj 9 / 9,1,3,2019 (finalizata),altele,bloc de apartamente,P+9E,2,X5Q110048," Actualizat in 31.07.2019 ",X5Q110048-image1.jpg,X5Q110048-image2.jpg
" Apartament 1 cam D Finalizat, Pacurari - Popas Pacurari  "," Iasi, zona Pacurari - HartăVezi hartă ",160.956 RON37.741 USD34.000 EUR,1,38 mp,38 mp,42 mp,decomandat,1,Etaj 1 / 3,1,1,2018,beton,bloc de apartamente,D+P+3E+M,,X4Q200088," Actualizat in 29.05.2019 ",X4Q200088-image1.jpg,X4Q200088-image2.jpg
" Apartament 2 camere Nicolina - planul 2 de la bulevard  "," Iasi, zona Nicolina - HartăVezi hartă ",270.785 RON63.494 USD57.200 EUR,2,52 mp,52 mp,60 mp,semidecomandat,1,Etaj 2 / 8,1,1,2018,beton,bloc de apartamente,D+P+8E,1 (închise),X4Q20008S," Actualizat in 28.06.2019 ",X4Q20008S-image1.jpg,X4Q20008S-image2.jpg
" Mutare acum! 2 cam, decomandat, comision 0%, Pacurari-Rediu  "," Iasi, zona Pacurari - HartăVezi hartă ",217.764 RON51.062 USD46.000 EUR,2,57 mp,57 mp,60 mp,decomandat,1,Etaj 1 / 2,1,1,2019 (finalizata),beton,bloc de apartamente,P+2E,1,X4NS0001T," Actualizat in 31.07.2019 ",X4NS0001T-image1.jpg,X4NS0001T-image2.jpg
" Apartament zona Cug - 3 camere 65mp - 500m pana la tramvai  "," Iasi, zona Cug - HartăVezi hartă ",274.572 RON64.382 USD58.000 EUR,3,65 mp,65 mp,72 mp,semidecomandat,1,Etaj 2 / 6,1,1,2020 (in constructie),beton,bloc de apartamente,D+P+6E,1,X4Q20008P," Actualizat in 17.06.2019 ",X4Q20008P-image1.jpg,X4Q20008P-image2.jpg
" Proprietar 2C Modern Bloc Nou Mobilat Parcare Boxa  "," Iasi, zona Tatarasi - HartăVezi hartă ",311.497 RON73.041 USD65.800 EUR,2,57 mp,57 mp,65 mp,decomandat,lux,Etaj 5 / 8,1,1,2010,beton,bloc de apartamente,S+P+8E,1 (închise),X4NS0001O," Actualizat azi ",X4NS0001O-image1.jpg,X4NS0001O-image2.jpg
" Apartament 1 cam D, Nicolina - Pepinierei  "," Iasi, zona Nicolina - HartăVezi hartă ",123.084 RON28.861 USD26.000 EUR,1,32 mp,32 mp,36 mp,decomandat,1,Etaj 1 / 3,1,1,2018,beton,bloc de apartamente,D+P+3E+M,,X4Q20005M," Actualizat in 03.05.2019 ",X4Q20005M-image1.jpg,X4Q20005M-image2.jpg
" Rate dezvoltator 2camere ,46mp, CUG-Lunca Cetatuii  "," Iasi, zona Cug - HartăVezi hartă ",165.690 RON38.852 USD35.000 EUR,2,46 mp,,46 mp,decomandat,1,Etaj 1 / 2,1,1,2019 (finalizata),beton,bloc de apartamente,P+2E,1,X5AK1005T," Actualizat ieri ",X5AK1005T-image1.jpg,X5AK1005T-image2.jpg
" Apartament 2 cam D, Tatarasi-Metalurgie  "," Iasi, zona Tatarasi - HartăVezi hartă ",267.944 RON62.828 USD56.600 EUR + TVA,2,50 mp,55 mp,58 mp,decomandat,1,Etaj 1 / 12,1,1,2019 (in constructie),beton,bloc de apartamente,S+P+12E,1,X4Q20001V," Actualizat in 19.06.2019 ",X4Q20001V-image1.jpg,X4Q20001V-image2.jpg
" Apartament Nicolina-Cug, langa mijloacele de transport  "," Iasi, zona Nicolina - HartăVezi hartă ",196.461 RON46.067 USD41.500 EUR,2,48 mp,55 mp,60 mp,semidecomandat,1,Etaj 1 / 3,1,1,2019 (in constructie),beton,bloc de apartamente,S+D+P+3E,1,X4Q2000AG," Actualizat in 28.06.2019 ",X4Q2000AG-image1.jpg,X4Q2000AG-image2.jpg
" Apartamentul tau MODERN-LIVING, Copou  "," Iasi, zona Copou - HartăVezi hartă ",234.333 RON54.947 USD49.500 EUR,2,"47,14 mp",47.14 mp,55 mp,decomandat,lux,Etaj 5 / 10,1,1,,beton,bloc de apartamente,S+P+10E,1,XAHB0000B," Actualizat in 13.06.2019 ",XAHB0000B-image1.jpg,XAHB0000B-image2.jpg
" Apartament nou cu 2 camere - decomandat - 53,1 mp utili - loc parcare inclus  "," Iasi, zona Pacurari - HartăVezi hartă ",217.764 RON51.062 USD46.000 EUR,2,"53,1 mp",56.85 mp,63 mp,decomandat,lux,Etaj 2 / 2,1,1,2019 (in constructie),caramida,bloc de apartamente,P+2E,1,X9DB10018," Actualizat in 30.07.2019 ",X9DB10018-image1.jpg,X9DB10018-image2.jpg
" Apartament 3 camere zona Nicolina - planul 2 de la bulevard  "," Iasi, zona Nicolina - HartăVezi hartă ",296.822 RON69.600 USD62.700 EUR,3,57 mp,57 mp,66 mp,semidecomandat,1,Etaj 2 / 8,1,1,2019 (in constructie),beton,bloc de apartamente,D+P+8E,2 (închise),X4Q20008T," Actualizat in 28.06.2019 ",X4Q20008T-image1.jpg,X4Q20008T-image2.jpg
" Apartament in bloc nou finalizat Tatarasi - Moara de Vant  "," Iasi, zona Tatarasi - HartăVezi hartă ",293.508 RON68.823 USD62.000 EUR,2,54 mp,54 mp,60 mp,decomandat,1,Etaj 2 / 3,1,1,2018,beton,bloc de apartamente,D+P+3E+M,1,X4Q200052," Actualizat in 25.07.2019 ",X4Q200052-image1.jpg,X4Q200052-image2.jpg
" Apartament nou cu 1 camera - 46 mp - decomandat - Vezi video  "," Iasi, zona Tatarasi - HartăVezi hartă ",214.734 RON50.352 USD45.360 EUR,1,38 mp,46 mp,56 mp,decomandat,lux,Etaj 1 / 12,1,1,2019 (in constructie),altele,bloc de apartamente,P+12E,1,X9DB10004," Actualizat in 30.07.2019 ",X9DB10004-image1.jpg,X9DB10004-image2.jpg
" Apartament 2 camere 45000 euro Cug-Horpaz  "," Iasi, zona Cug - HartăVezi hartă ",213.030 RON49.952 USD45.000 EUR,2,60 mp,,65 mp,decomandat,1,Etaj 1 / 3,1,1,2018,beton,bloc de apartamente,P+3E,1,X5AK1009O," Actualizat ieri ",X5AK1009O-image1.jpg,X5AK1009O-image2.jpg
" Apartament 2 camere Gara - Arcu  "," Iasi, zona Gara - HartăVezi hartă ",280.726 RON65.826 USD59.300 EUR,2,40 mp,45 mp,46 mp,semidecomandat,lux,Etaj 2 / 8,1,1,2019 (in constructie),beton,bloc de apartamente,S+P+8E,1,X4Q200013," Actualizat in 04.07.2019 ",X4Q200013-image1.jpg,X4Q200013-image2.jpg
" CUG TUDOR NECULAI APARTAMENT 1 CAMERA, 45mp 36500 euro  "," Iasi, zona Cug - HartăVezi hartă ",172.791 RON40.517 USD36.500 EUR,1,"39,65 mp",,"49,65 mp",decomandat,1,Etaj 2 / 4,1,1,2018,beton,bloc de apartamente,P+4E,1,X5AK1001T," Actualizat in 31.07.2019 ",X5AK1001T-image1.jpg,X5AK1001T-image2.jpg
" Mutare imediata 2 camere , 48mp+ gradina 30mp, CUG T Neculai , 2019  "," Iasi, zona Cug - HartăVezi hartă ",213.030 RON49.952 USD45.000 EUR,2,48 mp,,48 mp,decomandat,1,Parter / 2,1,1,2019 (finalizata),beton,bloc de apartamente,P+2E,,X5AK1002H," Actualizat in 31.07.2019 ",X5AK1002H-image1.jpg,X5AK1002H-image2.jpg
" Apartament 2 camere decomandat la bl nou in oras  "," Iasi, zona Cug - HartăVezi hartă ",213.030 RON49.952 USD45.000 EUR,2,50 mp,50 mp,60 mp,decomandat,1,Etaj 3 / 10,1,1,2018,beton,bloc de apartamente,D+P+10E,1,X4Q200011," Actualizat in 27.03.2019 ",X4Q200011-image1.jpg,X4Q200011-image2.jpg
" APARTAMENT 2 CAMERE PODU ROS INTERSECTIE FARA RISC 54500 EURO  "," Iasi, zona Podu Ros - HartăVezi hartă ",258.003 RON60.497 USD54.500 EUR,2,54 mp,,56 mp,,1,Etaj 2 / 4,1,1,1962,beton,bloc de apartamente,P+4E,1,X5AK1005G," Actualizat ieri ",X5AK1005G-image1.jpg,X5AK1005G-image2.jpg
" Centru Palas, 2 camere de Lux, complet mobilat si utilat  "," Iasi, zona Central - HartăVezi hartă ",534.942 RON125.435 USD113.000 EUR,2,60 mp,65 mp,78 mp,semidecomandat,lux,Etaj 2 / 2,1,1,2018,caramida,bloc de apartamente,P+2E,1,X4NS0002N," Actualizat in 31.07.2019 ",X4NS0002N-image1.jpg,X4NS0002N-image2.jpg
" Apartament decomandat NOU Copou Comision 0%  "," Iasi, zona Copou - HartăVezi hartă ",258.003 RON60.497 USD54.500 EUR,2,52 mp,,52 mp,decomandat,lux,Etaj 1 / 11,1,1,2019,caramida,bloc de apartamente,P+11E,1,X9071001A," Actualizat in 19.07.2019 ",X9071001A-image1.jpg,X9071001A-image2.jpg
" Apartament 2 Camere Copou - Rezidential Modern  "," Iasi, zona Copou - HartăVezi hartă ",231.966 RON54.392 USD49.000 EUR,2,47 mp,,47 mp,decomandat,lux,Etaj 4 / 10,1,1,2019,caramida,bloc de apartamente,P+10E,1,X90710018," Actualizat in 19.07.2019 ",X90710018-image1.jpg,X90710018-image2.jpg
" Apartament cu 2 camere Copou  "," Iasi, zona Copou - HartăVezi hartă ",214.450 RON50.285 USD45.300 EUR,2,43 mp,43 mp,49 mp,semidecomandat,lux,Etaj 2 / 10,1,1,2021 (in constructie),beton,bloc de apartamente,S+P+10E,1,X4Q20007D," Actualizat in 31.07.2019 ",X4Q20007D-image1.jpg,X4Q20007D-image2.jpg
" Avans 0 Comision 0 Apartament Nou Tatarasi 55 mp Bucatarie Mobilata  "," Iasi, zona Tatarasi - HartăVezi hartă ",255.636 RON59.942 USD54.000 EUR,2,55 mp,,55 mp,decomandat,lux,Etaj 1 / 12,1,1,2019,caramida,bloc de apartamente,P+12E,1,X9071001G," Actualizat in 19.07.2019 ",X9071001G-image1.jpg,X9071001G-image2.jpg
" Avans 0 Comision 0 Apartament Nou Tatarasi 46mp Bucatarie Mobilata  "," Iasi, zona Tatarasi - HartăVezi hartă ",203.562 RON47.732 USD43.000 EUR,1,46 mp,,46 mp,decomandat,lux,Etaj 2 / 12,1,1,2019,caramida,bloc de apartamente,P+12E,1,X9071001H," Actualizat in 19.07.2019 ",X9071001H-image1.jpg,X9071001H-image2.jpg
" Apartament nou PREMIUM 2 camere Copou , Iasi  "," Iasi, zona Copou - HartăVezi hartă ",322.385 RON75.594 USD68.100 EUR,2,"64,82 mp",64.82 mp,72 mp,decomandat,1,Etaj 1 / 10,1,1,,beton,bloc de apartamente,S+P+10E,1,XAHB0000D," Actualizat in 21.06.2019 ",XAHB0000D-image1.jpg,XAHB0000D-image2.jpg
" Apartament 3 camere , 81.20 mp, Bucium, Rate direct la dezvoltator  "," Iasi, zona Bucium - HartăVezi hartă ",307.710 RON72.153 USD65.000 EUR,3,62 mp,,83 mp,decomandat,lux,Etaj 1 / 3,1,2,2019 (in constructie),altele,bloc de apartamente,P+3E,2,X5Q11002A," Actualizat in 11.07.2019 ",X5Q11002A-image1.jpg,X5Q11002A-image2.jpg
" Apartament nou cu 2 camere - 50 mp utili - decomandat - Vezi video  "," Iasi, zona Tatarasi - HartăVezi hartă ",268.418 RON62.939 USD56.700 EUR,2,50 mp,,"55,3 mp",decomandat,lux,Etaj 2 / 12,1,1,2019 (in constructie),altele,bloc de apartamente,P+12E,1,X9DB10003," Actualizat in 30.07.2019 ",X9DB10003-image1.jpg,X9DB10003-image2.jpg
" Tip 6, Apartament 2 camere, 41.8 mp , I.C. Bratianu Residence II  "," Iasi, zona Bucium - HartăVezi hartă ",197.881 RON46.400 USD41.800 EUR,2,"41,8 mp",,"41,8 mp",nedecomandat,lux,Etaj 1 / 4,1,1,2018,altele,bloc de apartamente,P+4E,1,X5Q11006D," Actualizat in 26.07.2019 ",X5Q11006D-image1.jpg,X5Q11006D-image2.jpg
" Apartament PREMIUM FINALIZAT mutare imediata, Copou  "," Iasi, zona Copou - HartăVezi hartă ",294.455 RON69.045 USD62.200 EUR,2,"59,22 mp",59.22 mp,67 mp,decomandat,lux,Etaj 6 / 6,1,1,,beton,bloc de apartamente,S+P+6E,1,XAHB0000N," Actualizat in 21.06.2019 ",XAHB0000N-image1.jpg,XAHB0000N-image2.jpg
" Apartament nou cu 3 camere - 63.5 mp utili - decomandat - Vezi video  "," Iasi, zona Tatarasi - HartăVezi hartă ",337.440 RON79.124 USD71.280 EUR,3,"63,5 mp",,"65,8 mp",decomandat,lux,Etaj 1 / 12,1,1,2019 (in constructie),altele,bloc de apartamente,P+12E,1,X9DB10005," Actualizat in 30.07.2019 ",X9DB10005-image1.jpg,X9DB10005-image2.jpg
" Ap 2 camere 58 mp Nicolina  "," Iasi, zona Nicolina - HartăVezi hartă ",198.828 RON46.622 USD42.000 EUR,2,54 mp,,58 mp,decomandat,1,Etaj 5 / 6,1,1,2013,altele,bloc de apartamente,P+6E,1,X7N21001C," Actualizat in 28.07.2019 ",X7N21001C-image1.jpg,X7N21001C-image2.jpg
" Apartament cu 2 camere, in INIMA ORASULUI ,PRET PROMOTIONAL  "," Iasi, zona Centru Civic - HartăVezi hartă ",295.165 RON69.211 USD62.350 EUR,2,43 mp,,46 mp,,1,Etaj 2 / 9,1,1,2018,altele,bloc de apartamente,P+9E,1,X7N21001N," Actualizat in 28.07.2019 ",X7N21001N-image1.jpg,X7N21001N-image2.jpg
" Vanzare apartament 2 camere  "," Iasi, zona Bucium - HartăVezi hartă ",275.992 RON64.716 USD58.300 EUR,2,53 mp,,,semidecomandat,1,Etaj 1 / 3,,1,2019,,bloc de apartamente,P+3E,,X0BG1000I," Actualizat ieri ",X0BG1000I-image1.jpg,X0BG1000I-image2.jpg
" Apartament nou, la bulevard, langa statie transport RATP  "," Iasi, zona Bucium - HartăVezi hartă ",191.727 RON44.957 USD40.500 EUR,2,38 mp,38 mp,45 mp,semidecomandat,lux,Etaj 1 / 7,1,1,2020 (in constructie),beton,bloc de apartamente,S+D+P+7E,1 (închise),X4Q20007L," Actualizat in 24.06.2019 ",X4Q20007L-image1.jpg,X4Q20007L-image2.jpg
" Apartament cu 3c, 60mp, langa PALAS. Liber  "," Iasi, zona Central - HartăVezi hartă ",227.232 RON53.282 USD48.000 EUR,3,60 mp,,60 mp,semidecomandat,1,Etaj 4 / 4,1,1,1977,altele,bloc de apartamente,P+4E,1,X7N210011," Actualizat in 02.08.2019 ",X7N210011-image1.jpg,X7N210011-image2.jpg
" Apartament 2 camere, 63.5 mp, bloc nou Copou,Comision 0%  "," Iasi, zona Copou - HartăVezi hartă ",284.040 RON66.603 USD60.000 EUR,2,56 mp,,65 mp,decomandat,lux,Etaj 1 / 3,1,1,2018,altele,bloc de apartamente,P+3E,2,X5Q11000K," Actualizat in 11.07.2019 ",X5Q11000K-image1.jpg,X5Q11000K-image2.jpg
" Apartament 2 camere Bucium,comision 0%,mutare imediata  "," Iasi, zona Bucium - HartăVezi hartă ",198.823 RON46.621 USD41.999 EUR,2,52 mp,,52 mp,decomandat,lux,Etaj 1 / 1,1,1,2019,beton,bloc de apartamente,P+1E,1,X9071006N," Actualizat in 25.07.2019 ",X9071006N-image1.jpg,X9071006N-image2.jpg
" Avans 0%, Apartament 1 camera, 41,30 mp utili, decomandat, 41.580 euro  "," Iasi, zona Tatarasi - HartăVezi hartă ",196.840 RON46.156 USD41.580 EUR,1,"41,3 mp",,"41,3 mp",decomandat,1,Etaj 1 / 12,1,1,2019 (finalizata),beton,bloc de apartamente,P+12E,1,X5AK1005M," Actualizat in 29.07.2019 ",X5AK1005M-image1.jpg,X5AK1005M-image2.jpg
" Cel mai bun pret din oras, ap 2 camere 33.300 euro zona Cug - Nicolina  "," Iasi, zona Cug - HartăVezi hartă ",157.642 RON36.964 USD33.300 EUR,2,37 mp,,44 mp,semidecomandat,1,Etaj 1 / 6,1,1,2019 (in constructie),beton,bloc de apartamente,D+P+6E,1,X4Q20001P," Actualizat in 31.07.2019 ",X4Q20001P-image1.jpg,X4Q20001P-image2.jpg
" Ap cu 2cam,D,60mp, Mobilat si Utilat, liber, CENTRU  "," Iasi, zona Central - HartăVezi hartă ",402.390 RON94.354 USD85.000 EUR,2,58 mp,,60 mp,decomandat,1,Etaj 4 / 10,1,1,1975,altele,bloc de apartamente,P+10E,1,X7N21004T," Actualizat in 01.08.2019 ",X7N21004T-image1.jpg,X7N21004T-image2.jpg
" Apartament cu 2 camere - centru - Stefan cel Mare  "," Iasi, zona Central - HartăVezi hartă ",364.045 RON85.362 USD76.900 EUR,2,50 mp,50 mp,57 mp,semidecomandat,lux,Etaj 7 / 7,1,1,,,bloc de apartamente,P+7E,,X9DB00007," Actualizat in 02.08.2019 ",X9DB00007-image1.jpg,X9DB00007-image2.jpg
" Apartament 1camera, 38.07 mp, bloc nou Copou, Comision 0%,2balcoane + parcare  "," Iasi, zona Copou - HartăVezi hartă ",175.158 RON41.072 USD37.000 EUR,1,"31,16 mp",,45 mp,decomandat,1,Parter / 3,1,1,2018,altele,bloc de apartamente,P+3E,1,X5Q11008I," Actualizat in 29.07.2019 ",X5Q11008I-image1.jpg,X5Q11008I-image2.jpg
" Apartament 2 camere 49 mp decomandat Sos Nicolina Cug Bloc Nou  "," Iasi, zona Cug - HartăVezi hartă ",208.769 RON48.953 USD44.100 EUR,2,49 mp,49 mp,55 mp,decomandat,1,Etaj 1 / 6,1,1,2020 (in constructie),beton,bloc de apartamente,D+P+6E,1 (închise),XATQ0000H," Actualizat in 10.04.2019 ",XATQ0000H-image1.jpg,XATQ0000H-image2.jpg
" Apartament nou cu 3 camere, 63 mp utili, zona Popas Pacurari  "," Iasi, zona Popas Pacurari - HartăVezi hartă ",258.003 RON60.497 USD54.500 EUR,3,63 mp,,63 mp,decomandat,1,Etaj 1 / 2,1,1,2018,altele,bloc de apartamente,P+2E,,X7N21003U," Actualizat in 01.08.2019 ",X7N21003U-image1.jpg,X7N21003U-image2.jpg
" Apartament 2 camere nou MODERN-LIVING, Copou  "," Iasi, zona Copou - HartăVezi hartă ",322.385 RON75.594 USD68.100 EUR,2,"64,8 mp",64.8 mp,73 mp,decomandat,lux,Etaj 1 / 10,1,1,,beton,bloc de apartamente,S+P+10E,1,XAHB0000K," Actualizat in 13.06.2019 ",XAHB0000K-image1.jpg,XAHB0000K-image2.jpg
" Bloc finalizat. Ap 2 camere, 63.28 mp, Copou - Universitate  "," Iasi, zona Copou - HartăVezi hartă ",492.336 RON115.444 USD104.000 EUR,2,"55,05 mp",,"63,28 mp",nedecomandat,lux,Etaj 5 / 9,1,1,2018,altele,bloc de apartamente,P+9E,1,X5Q110003," Actualizat in 31.07.2019 ",X5Q110003-image1.jpg,X5Q110003-image2.jpg
" De vanzare apartamente 3 camere 89.08 mp , Copou, Iasi, commission 0  "," Iasi, zona Copou - HartăVezi hartă ",433.398 RON101.624 USD91.550 EUR,3,"87,2 mp",87.2 mp,95 mp,decomandat,lux,Etaj 2 / 10,1,2,,beton,bloc de apartamente,S+P+10E,3,XAHB0000G," Actualizat in 13.06.2019 ",XAHB0000G-image1.jpg,XAHB0000G-image2.jpg
" Apartament 3 camere decomandat 64mp Sos Nicolina Cug Bloc Nou  "," Iasi, zona Cug - HartăVezi hartă ",272.678 RON63.938 USD57.600 EUR,3,64 mp,64 mp,75 mp,decomandat,1,Etaj 1 / 6,1,1,2020 (in constructie),beton,bloc de apartamente,D+P+6E,1 (închise),XATQ0000L," Actualizat in 10.04.2019 ",XATQ0000L-image1.jpg,XATQ0000L-image2.jpg
" Apartament 3 camere 60 mp decomandat Sos Nicolina Cug Bloc Nou  "," Iasi, zona Cug - HartăVezi hartă ",255.636 RON59.942 USD54.000 EUR,3,60 mp,60 mp,75 mp,decomandat,1,Etaj 4 / 11,1,1,2019 (in constructie),beton,bloc de apartamente,P+11E,1 (închise),XATQ0000K," Actualizat in 10.04.2019 ",XATQ0000K-image1.jpg,XATQ0000K-image2.jpg
" Apartament 2 Camere Decomandat etajul 1 Tatarasi Flora la bulevard bl fara risc  "," Iasi, zona Tatarasi - HartăVezi hartă ",267.471 RON62.717 USD56.500 EUR,2,55 mp,,55 mp,decomandat,1,Etaj 1 / 4,1,1,1973,beton,bloc de apartamente,P+4E,1,X9071001T," Actualizat in 19.07.2019 ",X9071001T-image1.jpg,X9071001T-image2.jpg
" Apartament 3 camere decomandat modern Sos Nicolina cug  "," Iasi, zona Cug - HartăVezi hartă ",285.460 RON66.936 USD60.300 EUR,3,67 mp,67 mp,84 mp,decomandat,1,Etaj 1 / 6,1,1,2019 (in constructie),beton,bloc de apartamente,S+P+6E,1,XATQ00003," Actualizat in 05.04.2019 ",XATQ00003-image1.jpg,XATQ00003-image2.jpg
" Bloc finalizat. Ap 3 camere, 72.76 mp, Copou-Universitate  "," Iasi, zona Copou - HartăVezi hartă ",549.144 RON128.765 USD116.000 EUR,3,"68,09 mp",,"72,76 mp",nedecomandat,lux,Parter / 9,1,1,2019 (finalizata),altele,bloc de apartamente,P+9E,1,X5Q11006T," Actualizat in 31.07.2019 ",X5Q11006T-image1.jpg,X5Q11006T-image2.jpg
" Apartament 2 camere modern incalzire pardoseala Sos Nicolina Cug  "," Iasi, zona Cug - HartăVezi hartă ",234.333 RON54.947 USD49.500 EUR,2,55 mp,55 mp,65 mp,decomandat,1,Etaj 1 / 6,1,1,2019 (finalizata),beton,bloc de apartamente,P+6E,1,XATQ0000G," Actualizat in 10.04.2019 ",XATQ0000G-image1.jpg,XATQ0000G-image2.jpg
" Direct proprietar, apartament 3 camere Oancea, etaj intermediar  "," Iasi, zona Tatarasi - HartăVezi hartă ",402.390 RON94.354 USD85.000 EUR,3,68 mp,,68 mp,semidecomandat,1,Etaj 1 / 5,1,2,2018,beton,bloc de apartamente,P+5E,2,X5AK10016," Actualizat in 10.07.2019 ",X5AK10016-image1.jpg,X5AK10016-image2.jpg
" Apartament nou, la bulevard si langa statie autobuz RATP, Bucium  "," Iasi, zona Bucium - HartăVezi hartă ",208.296 RON48.842 USD44.000 EUR,2,42 mp,59 mp,79 mp,decomandat,1,Etaj 1 / 7,1,1,2020 (in constructie),beton,bloc de apartamente,S+D+P+7E,1,X4Q20001M," Actualizat in 24.06.2019 ",X4Q20001M-image1.jpg,X4Q20001M-image2.jpg
" Bloc finalizat. Ap 2 camere, 72.44 mp, Copou-Universitate  "," Iasi, zona Copou - HartăVezi hartă ",549.144 RON128.765 USD116.000 EUR,2,"64,73 mp",,"72,44 mp",decomandat,lux,Etaj 1 / 9,1,1,2018,altele,bloc de apartamente,P+9E,1,X5Q11005K," Actualizat in 31.07.2019 ",X5Q11005K-image1.jpg,X5Q11005K-image2.jpg
" Comision 0%, 3 camere, 88.04 mp, bloc nou Copou  "," Iasi, zona Copou - HartăVezi hartă ",359.784 RON84.363 USD76.000 EUR,3,69 mp,,95 mp,decomandat,1,Parter / 3,1,2,2018,altele,bloc de apartamente,P+3E,3,X5Q110090," Actualizat in 11.07.2019 ",X5Q110090-image1.jpg,X5Q110090-image2.jpg
" Penthouse exclusivist, 155 MP, Copou - Universitate  "," Iasi, zona Copou - HartăVezi hartă ",1.287.648 RON301.932 USD272.000 EUR,3,"117,12 mp",,"154,84 mp",nedecomandat,lux,Etaj 9 / 9,1,3,2019 (finalizata),altele,bloc de apartamente,P+9E,2,X5Q110048," Actualizat in 31.07.2019 ",X5Q110048-image1.jpg,X5Q110048-image2.jpg
" Apartament 1 cam D Finalizat, Pacurari - Popas Pacurari  "," Iasi, zona Pacurari - HartăVezi hartă ",160.956 RON37.741 USD34.000 EUR,1,38 mp,38 mp,42 mp,decomandat,1,Etaj 1 / 3,1,1,2018,beton,bloc de apartamente,D+P+3E+M,,X4Q200088," Actualizat in 29.05.2019 ",X4Q200088-image1.jpg,X4Q200088-image2.jpg
" Apartament 2 camere Nicolina - planul 2 de la bulevard  "," Iasi, zona Nicolina - HartăVezi hartă ",270.785 RON63.494 USD57.200 EUR,2,52 mp,52 mp,60 mp,semidecomandat,1,Etaj 2 / 8,1,1,2018,beton,bloc de apartamente,D+P+8E,1 (închise),X4Q20008S," Actualizat in 28.06.2019 ",X4Q20008S-image1.jpg,X4Q20008S-image2.jpg
" Mutare acum! 2 cam, decomandat, comision 0%, Pacurari-Rediu  "," Iasi, zona Pacurari - HartăVezi hartă ",217.764 RON51.062 USD46.000 EUR,2,57 mp,57 mp,60 mp,decomandat,1,Etaj 1 / 2,1,1,2019 (finalizata),beton,bloc de apartamente,P+2E,1,X4NS0001T," Actualizat in 31.07.2019 ",X4NS0001T-image1.jpg,X4NS0001T-image2.jpg
