﻿PageTitle,Zone,Price,NoOfRooms,UsefulArea,BuiltSurface,Partitioning,Floor,NoOfBathrooms,ConstructionYear,TotalFloors,PageId,LastUpdate,State,PropertyType,Image1,Image2
"Apartament 2 camere, Nicolina, 52mp","Iasi (judet), Iasi","49 900 € ",2,52,52 m²,decomandat,4,1,1982,4,3788069,Data publicarii: o zi în urmăData modificarii: o zi în urmă,,apartament,3788069-image1.jpg,3788069-image2.jpg
"Penthouse exclusivist, 199 MP, Copou - Universitate","Iasi (judet), Strada Dr. Teodor Codrescu","341 000 € ",3,142,199 m²,nedecomandat,9,2,2019,9,3679345,Data publicarii: 2 luni în urmăData modificarii: 3 zile în urmă,renovat,apartament,3679345-image1.jpg,3679345-image2.jpg
"Comision 0, Ap. 3 camere, mobilat si utilat, bloc nou","Iasi (judet), Strada Luminii","80 000 € ",3,78,"87,33 m²",decomandat,3,1,2015,5,3660470,Data publicarii: 3 luni în urmăData modificarii: 6 zile în urmă,renovat,apartament,3660470-image1.jpg,3660470-image2.jpg
"Apartament 1 cameră, 36 mp, bloc nou, Popas Păcurari","Iasi (judet), Strada Soarelui","30 000 € ",1,36,40 m²,semidecomandat,1,1,2019,2,3606061,Data publicarii: 4 luni în urmăData modificarii: 10 ore în urmă,nou,apartament,3606061-image1.jpg,3606061-image2.jpg
"Comision 0%,2 camere, 74 mp, bloc nou Copou+Parcare","Iasi (judet), Strada Stefan cel Mare","73 000 € ",2,67,74 m²,decomandat,2,1,2018,3,3284802,Data publicarii: 9 luni în urmăData modificarii: 11 ore în urmă,renovat,apartament,3284802-image1.jpg,3284802-image2.jpg
"Finalizat!Apart 3 camere,75 mp,Bucium-Poitiers!Comision 0%","Iasi (judet), Iasi","70 400 € ",3,75,85 m²,,,,2017,,2856927,Data publicarii: un an în urmăData modificarii: 6 ore în urmă,,,2856927-image1.jpg,2856927-image2.jpg
"Apartament 3CD,64mp,Bucium bloc 2019","Iasi (judet), Soseaua Bucium","59 000 € ",3,64,64 m²,decomandat,2,1,2019,3,3540931,Data publicarii: 5 luni în urmăData modificarii: 3 ore în urmă,renovat,apartament,3540931-image1.jpg,3540931-image2.jpg
"Ap. 2 cam, bloc nou, 68mp+boxa+parcare, Popas Pacurari","Iasi (judet), Strada Ciresi","55 000 € ",2,63,75 m²,decomandat,1,1,2019,4,3326525,Data publicarii: 8 luni în urmăData modificarii: 11 ore în urmă,renovat,apartament,3326525-image1.jpg,3326525-image2.jpg
Ap 1 camera D 38mp Bucium Bloc nou,"Iasi (judet), Iasi","37 800 € ",1,38,39 m²,decomandat,3,1,2019,,3770857,Data publicarii: 14 zile în urmăData modificarii: 6 ore în urmă,nou,apartament,3770857-image1.jpg,3770857-image2.jpg
"Comision 0%, 2 camere, 63.5 mp, bloc nou Copou","Iasi (judet), Strada Stefan cel Mare","61 500 € ",2,56,65 m²,decomandat,1,1,2018,3,3284765,Data publicarii: 9 luni în urmăData modificarii: 11 ore în urmă,renovat,apartament,3284765-image1.jpg,3284765-image2.jpg
Ap 2 camere D 56mp Bucium Bloc nou,"Iasi (judet), Iasi","56 100 € ",2,56,57 m²,decomandat,3,1,2019,,3770841,Data publicarii: 14 zile în urmăData modificarii: 6 ore în urmă,nou,apartament,3770841-image1.jpg,3770841-image2.jpg
"Apartament 3 camere, decomandat, Platoul Insorit, 75 mp, bloc nou Iasi","Iasi (judet), Soseaua Iasi-Voinesti","59 900 € ",3,75,75 m²,decomandat,Parter,1,2019,3,3699018,Data publicarii: 2 luni în urmăData modificarii: 11 ore în urmă,renovat,apartament,3699018-image1.jpg,3699018-image2.jpg
"Vanzare apartament 3 camere, nou, 75mp, decomandat, sos. Iasi-Voinesti","Iasi (judet), Soseaua Iasi-Voinesti","63 600 € ",3,75,75 m²,decomandat,Parter,1,2019,3,3789567,Data publicarii: 11 ore în urmăData modificarii: 11 ore în urmă,renovat,apartament,3789567-image1.jpg,3789567-image2.jpg
Camera de camin Bularga,"Iasi (judet), Bularga","14 500 € ",1,16,17 m²,nedecomandat,Parter,1,1978,4,3770834,Data publicarii: 14 zile în urmăData modificarii: 6 ore în urmă,renovat,garsoniera,3770834-image1.jpg,3770834-image2.jpg
"Apartament 3 camere, decomandat, 75mp, plata in rate, Pepiniera Galata","Iasi (judet), Soseaua Iasi-Voinesti","67 320 € ",3,75,75 m²,decomandat,Parter,1,2019,3,3701036,Data publicarii: 2 luni în urmăData modificarii: 11 ore în urmă,renovat,apartament,3701036-image1.jpg,3701036-image2.jpg
"Apartament nou cu 1 camera de vanzare in Iasi - Galata, 37 mp","Iasi (judet), Soseaua Iasi-Voinesti","31 450 € ",1,37,37 m²,decomandat,1,1,2019,3,3699187,Data publicarii: 2 luni în urmăData modificarii: 11 ore în urmă,renovat,apartament,3699187-image1.jpg,3699187-image2.jpg
"Ap 2 cam, bloc nou, 60mp+boxa 7mp+parcare 12.5mp, Popas Pacurari","Iasi (judet), Strada Nufarului","49 000 € ",2,55,65 m²,decomandat,1,1,2019,4,3284697,Data publicarii: 9 luni în urmăData modificarii: 11 ore în urmă,renovat,apartament,3284697-image1.jpg,3284697-image2.jpg
"Apartament 1 camera decomandat, de vanzare, bloc nou, Galata Deal","Iasi (judet), Soseaua Iasi-Voinesti","29 600 € ",1,37,37 m²,decomandat,1,1,2019,3,3717298,Data publicarii: 2 luni în urmăData modificarii: 11 ore în urmă,renovat,apartament,3717298-image1.jpg,3717298-image2.jpg
"Ap 2 cam, bloc nou, 68mp+boxa+parcare, Popas Pacurari","Iasi (judet), Strada Fermei","55 000 € ",2,63,75 m²,decomandat,3,1,2019,4,3284680,Data publicarii: 9 luni în urmăData modificarii: 11 ore în urmă,renovat,apartament,3284680-image1.jpg,3284680-image2.jpg
"Apartament 2 camere, decomandat, 55mp, plata in rate, Pepiniera Galata","Iasi (judet), Soseaua Iasi-Voinesti","49 320 € ",2,55,55 m²,decomandat,1,1,2019,3,3700984,Data publicarii: 2 luni în urmăData modificarii: 11 ore în urmă,renovat,apartament,3700984-image1.jpg,3700984-image2.jpg
"Apartament 2 camere, decomandat, de vanzare, bloc nou, Galata Deal","Iasi (judet), Soseaua Iasi-Voinesti","43 900 € ",2,55,55 m²,decomandat,1,1,2019,3,3717338,Data publicarii: 2 luni în urmăData modificarii: 11 ore în urmă,renovat,apartament,3717338-image1.jpg,3717338-image2.jpg
"Apartament 2 camere, de vanzare Iasi - Galata, baie cu geam, bloc nou","Iasi (judet), Soseaua Iasi-Voinesti","46 600 € ",2,55,55 m²,decomandat,1,1,2019,3,3717425,Data publicarii: 2 luni în urmăData modificarii: 11 ore în urmă,renovat,apartament,3717425-image1.jpg,3717425-image2.jpg
"Ap 3 cam, bloc nou, 84mp+boxa 10mp+parcare 12.5mp, Popas Pacurari","Iasi (judet), Strada Liviu Rebreanu","69 000 € ",3,79,90 m²,decomandat,2,2,2019,4,3284641,Data publicarii: 9 luni în urmăData modificarii: 11 ore în urmă,renovat,apartament,3284641-image1.jpg,3284641-image2.jpg
"Apartament 2 camere, 57 mp, bloc nou, Popas Păcurari","Iasi (judet), Strada Soarelui","46 000 € ",2,57,62 m²,decomandat,1,1,2019,2,3605886,Data publicarii: 4 luni în urmăData modificarii: 11 ore în urmă,nou,apartament,3605886-image1.jpg,3605886-image2.jpg
Apartament cu 3 camere in zona Tudor Vladimirescu,"Iasi (judet), Tudor Vladimirescu","87 000 € ",4,61,61 m²,nedecomandat,2,1,1961,3,3789511,Data publicarii: 11 ore în urmăData modificarii: 11 ore în urmă,renovat,apartament,3789511-image1.jpg,3789511-image2.jpg
"Apartament 1 camera 41,5mp - Copou","Iasi (judet), Aleea Mihail Sadoveanu","41 530 € ",1,42,"41,50 m²",decomandat,Parter,1,2017,8,3600691,Data publicarii: 4 luni în urmăData modificarii: 11 ore în urmă,renovat,apartament,3600691-image1.jpg,3600691-image2.jpg
"2 cam, Decomandat, 53mp, Parter inalt,  Bloc nou  Cug, 46.000 Euro","Iasi (judet), Strada Valea Adanca","46 000 € ",2,53,57 m²,decomandat,Parter,1,2019,3,3485932,Data publicarii: 6 luni în urmăData modificarii: 11 ore în urmă,nou,apartament,3485932-image1.jpg,3485932-image2.jpg
"Apartamente noi in P-Residence Garden, Bucium","Iasi (judet), Strada X","67 000 € ",2,66,78 m²,decomandat,1,1,2019,3,3749388,Data publicarii: o lună în urmăData modificarii: 6 ore în urmă,nou,apartament,3749388-image1.jpg,3749388-image2.jpg
"Ap 2 camere, bloc nou, 47.12 mp, Centru - Palas","Iasi (judet), Strada Sfantul Lazar","68 324 € ",2,47,"47,12 m²",nedecomandat,3,1,2020,10,3549601,Data publicarii: 5 luni în urmăData modificarii: 8 zile în urmă,renovat,apartament,3549601-image1.jpg,3549601-image2.jpg
"Apartament 2 camere, Centru, 60mp","Iasi (judet), Iasi","70 000 € ",2,60,60 m²,decomandat,5,1,2005,5,3750037,Data publicarii: o lună în urmăData modificarii: 13 zile în urmă,,apartament,3750037-image1.jpg,3750037-image2.jpg
Apartament Nou 3 camere de vanzare Pacurari,"Iasi (judet), Pacurari","71 000 € ",3,68,74 m²,decomandat,2,1,2019,10,3600678,Data publicarii: 4 luni în urmăData modificarii: 11 ore în urmă,nou,apartament,3600678-image1.jpg,3600678-image2.jpg
Apartament 3 camere-  Moara de vant,"Iasi (judet), Stradela Moara de Vant","83 820 € ",3,76,"76,20 m²",decomandat,2,1,2018,5,3600639,Data publicarii: 4 luni în urmăData modificarii: 11 ore în urmă,renovat,apartament,3600639-image1.jpg,3600639-image2.jpg
"Direct Dezv! Bloc nou! Ap 2 CD, Zona linistita, Iasi/Cug","Iasi (judet), CUG","35 000 € ",2,50,60 m²,decomandat,2,1,2018,2,3572794,Data publicarii: 4 luni în urmăData modificarii: o zi în urmă,nou,apartament,3572794-image1.jpg,3572794-image2.jpg
"2 camere Cantemir, modelul cu 2 balcoane, 49900 Euro","Iasi (judet), Iasi","49 900 € ",2,54,60 m²,semidecomandat,4,1,1965,4,3645905,Data publicarii: 3 luni în urmăData modificarii: 6 ore în urmă,renovat,apartament,3645905-image1.jpg,3645905-image2.jpg
"Ap.2 cam, bloc nou, 68mp+boxa+parcare, Popas Pacurari","Iasi (judet), Strada Ciresi","55 000 € ",2,63,75 m²,decomandat,Parter,1,2019,4,3343422,Data publicarii: 8 luni în urmăData modificarii: 12 ore în urmă,renovat,apartament,3343422-image1.jpg,3343422-image2.jpg
"Apartament 2 cam, open-space in zona Tatarasi - 2 Baieti","Iasi (judet), Tatarasi Nord","50 000 € ",2,32,32 m²,semidecomandat,1,1,2015,3,3789430,Data publicarii: 12 ore în urmăData modificarii: 12 ore în urmă,renovat,apartament,3789430-image1.jpg,3789430-image2.jpg
"Apartament 1camera, 38.07 mp, bloc nou Copou, Comision 0%,2balcoane +","Iasi (judet), Strada Gavril Muzicescu","37 000 € ",1,31,45 m²,decomandat,Parter,1,2018,3,3527840,Data publicarii: 5 luni în urmăData modificarii: 12 ore în urmă,renovat,apartament,3527840-image1.jpg,3527840-image2.jpg
Ap 2 camere D Bloc finalizat Moara de Vant,"Iasi (judet), Iasi","67 000 € ",2,57,58 m²,decomandat,2,1,2018,,3587687,Data publicarii: 4 luni în urmăData modificarii: 7 ore în urmă,nou,apartament,3587687-image1.jpg,3587687-image2.jpg
Apartament 2 camere decomandat Dacia BRD,"Iasi (judet), Iasi","50 000 € ",2,50,59 m²,decomandat,4,1,1980,5,3749151,Data publicarii: o lună în urmăData modificarii: 7 ore în urmă,renovat,apartament,3749151-image1.jpg,3749151-image2.jpg
"Apartament nou de vanzare, cu 2 camere, cu suprafata de 44mp, Gara","Iasi (judet), Strada Strapungerea Silvestru","59 400 € ",2,44,46 m²,semidecomandat,4,1,2019,8,3284029,Data publicarii: 9 luni în urmăData modificarii: 12 ore în urmă,nou,triplex,3284029-image1.jpg,3284029-image2.jpg
"Apartament nou de vanzare, 2 camere, suprafata de 62mp, Copou","Iasi (judet), Aleea Mihail Sadoveanu","65 000 € ",2,62,65 m²,decomandat,4,1,2019,8,3284025,Data publicarii: 9 luni în urmăData modificarii: 12 ore în urmă,nou,apartament,3284025-image1.jpg,3284025-image2.jpg
Apartamente noi cu 2 camere de vanzare in Iasi situate pe zona Copou,"Iasi (judet), Copou","67 000 € ",2,63.7,"63,70 m²",decomandat,3,1,2018,10,1982309,Data publicarii: un an în urmăData modificarii: o zi în urmă,nou,apartament,1982309-image1.jpg,1982309-image2.jpg
"Podu Ros - Racovita, 3 camere, Decomandat, renovat 61000 euro","Iasi (judet), Iasi","61 000 € ",3,61,70 m²,decomandat,Parter,1,1970,4,3749068,Data publicarii: o lună în urmăData modificarii: 7 ore în urmă,renovat,apartament,3749068-image1.jpg,3749068-image2.jpg
"Apartamente Himson, 2 camere decomandate, Metalurgie","Iasi (judet), Aviatiei","61 340 € ",2,69,80 m²,decomandat,2,1,2019,8,2856336,Data publicarii: un an în urmăData modificarii: 7 ore în urmă,in constructie,apartament,2856336-image1.jpg,2856336-image2.jpg
"Apartament NOU cu 3 camere, situat in Nicolina. Comision 0%!","Iasi (judet), Strada Carpati","93 717 € ",3,80,86 m²,decomandat,1,1,2018,,3326020,Data publicarii: 8 luni în urmăData modificarii: o zi în urmă,nou,apartament,3326020-image1.jpg,3326020-image2.jpg
"Apartament 3 camere SD, etaj 2/4, Podu Ros","Iasi (judet), Podu Ros","49 500 € ",3,64,85 m²,semidecomandat,2,1,1964,4,3790304,Data publicarii: 8 ore în urmăData modificarii: 8 ore în urmă,utilizat,apartament,3790304-image1.jpg,3790304-image2.jpg
"0% Comision. Apartament cu 2 camere, NOU, zona Nicolina","Iasi (judet), Strada Carpati","47 490 € ",2,40,46 m²,decomandat,3,1,2018,,3326018,Data publicarii: 8 luni în urmăData modificarii: o zi în urmă,nou,apartament,3326018-image1.jpg,3326018-image2.jpg
"0% Comision. Apartament cu 2 camere, NOU, zona Nicolina","Iasi (judet), Strada Carpati","63 987 € ",2,54,60 m²,decomandat,1,1,2018,,3326016,Data publicarii: 8 luni în urmăData modificarii: o zi în urmă,nou,apartament,3326016-image1.jpg,3326016-image2.jpg
Apartament 3 camere - etaj intermediar 57000,"Iasi (judet), Strada Agronomilor","57 000 € ",3,77,77 m²,decomandat,8,1,2017,12,3540594,Data publicarii: 5 luni în urmăData modificarii: 13 ore în urmă,renovat,apartament,3540594-image1.jpg,3540594-image2.jpg
"0% Comision. Apartament cu 2 camere, NOU, zona Nicolina","Iasi (judet), Strada Carpati","57 564 € ",2,49,55 m²,,1,1,2018,,3325992,Data publicarii: 8 luni în urmăData modificarii: o zi în urmă,nou,apartament,3325992-image1.jpg,3325992-image2.jpg
"0% Comision. Apartament cu 1 camera, NOU, zona Nicolina","Iasi (judet), Strada Carpati","47 677 € ",1,40,46 m²,decomandat,,1,2018,,3325971,Data publicarii: 8 luni în urmăData modificarii: o zi în urmă,nou,apartament,3325971-image1.jpg,3325971-image2.jpg
"3 camere, Decomandat, Podu Ros, recent renovat 57000 Euro","Iasi (judet), Iasi","57 000 € ",3,65,75 m²,decomandat,4,1,1965,4,3698354,Data publicarii: 2 luni în urmăData modificarii: 8 ore în urmă,renovat,apartament,3698354-image1.jpg,3698354-image2.jpg
"2 camere, Decomandat, Bloc nou FINALIZAT ! Cug","Iasi (judet), CUG","46 000 € ",2,53,57 m²,decomandat,Parter,1,2019,3,3698279,Data publicarii: 2 luni în urmăData modificarii: 8 ore în urmă,nou,apartament,3698279-image1.jpg,3698279-image2.jpg
"Finalizat!Apart 3 camere,75 mp,Bucium-Poitiers!Comision 0%","Iasi (judet), Iasi","70 400 € ",3,75,85 m²,,,,2017,,2845584,Data publicarii: un an în urmăData modificarii: 8 ore în urmă,,,2845584-image1.jpg,2845584-image2.jpg
"Apartament Nou 1 camera, Tudor Vladimirescu, comision 0% la cumparator","Iasi (judet), Tudor Vladimirescu","48 000 € ",1,40,41 m²,decomandat,9,1,,13,3779619,Data publicarii: 7 zile în urmăData modificarii: 9 ore în urmă,nou,apartament,3779619-image1.jpg,3779619-image2.jpg
"Direct la Dezv! Avans 20000 Euro+Rate la Dezv! Ap 2 CD, Iasi-Cug","Iasi (judet), Aleea Tudor Neculai","43 500 € ",2,50,60 m²,decomandat,4,1,2019,4,3773158,Data publicarii: 11 zile în urmăData modificarii: 4 zile în urmă,nou,apartament,3773158-image1.jpg,3773158-image2.jpg
Apartament trei camere Alexandru  63000 euro,"Iasi (judet), Bulevardul Alexandru cel Bun","63 000 € ",3,77,77 m²,decomandat,10,2,1978,10,3756091,Data publicarii: 23 de zile în urmăData modificarii: 5 zile în urmă,renovat,apartament,3756091-image1.jpg,3756091-image2.jpg
Apartament nou de vanzare- 3 camere-decomandat- Nicolina-Cug,"Iasi (judet), Nicolina 2","54 000 € ",3,55,55 m²,decomandat,3,1,2018,7,3325855,Data publicarii: 8 luni în urmăData modificarii: o zi în urmă,nou,apartament,3325855-image1.jpg,3325855-image2.jpg
Apartament Nou 1 camere de vanzare Tatarasi - Metalurgie,"Iasi (judet), Tatarasi Sud","41 278 € ",1,41,42 m²,decomandat,4,1,2019,12,3546629,Data publicarii: 5 luni în urmăData modificarii: 8 ore în urmă,nou,apartament,3546629-image1.jpg,3546629-image2.jpg
Apartament 2 camere Tatarasi - Posta,"Iasi (judet), Strada Vasile Lupu","34 500 € ",2,30,32 m²,semidecomandat,Parter,1,1970,4,3790971,Data publicarii: 3 ore în urmăData modificarii: 3 ore în urmă,utilizat,apartament,3790971-image1.jpg,3790971-image2.jpg
"Apartament cu o camera,bloc nou,Tudor Vladimirescu","Iasi (judet), Tudor Vladimirescu","44 000 € ",1,42,42 m²,decomandat,3,1,2017,12,1951376,Data publicarii: 2 ani în urmăData modificarii: 9 ore în urmă,nou,apartament,1951376-image1.jpg,1951376-image2.jpg
Apartament 3 camere Decomandat Alexandru-Piata,"Iasi (judet), Iasi","58 000 € ",3,68,76 m²,decomandat,4,1,1984,4,3748657,Data publicarii: o lună în urmăData modificarii: 9 ore în urmă,necesita renovare,apartament,3748657-image1.jpg,3748657-image2.jpg
Apartament cu 2 camere decomandat COPOU Bellevue,"Iasi (judet), Copou","85 000 € ",2,52,52 m²,decomandat,4,1,2014,7,3574877,Data publicarii: 4 luni în urmăData modificarii: 4 ore în urmă,nou,apartament,3574877-image1.jpg,3574877-image2.jpg
"Q Residence, Centru - Palas Mall, 1 camera Lux","Iasi (judet), Strada Campului","53 830 € ",1,35,45 m²,decomandat,1,1,2019,8,3730881,Data publicarii: o lună în urmăData modificarii: 9 ore în urmă,nou,apartament,3730881-image1.jpg,3730881-image2.jpg
"Finalizat!Apart 3 camere,75 mp,Bucium-Poitiers!Comision 0%","Iasi (judet), Iasi","70 400 € ",3,75,85 m²,,,,2017,,2811423,Data publicarii: un an în urmăData modificarii: 9 ore în urmă,,,2811423-image1.jpg,2811423-image2.jpg
"0% Comision. Apartament cu 3 camere, NOU, zona Bucium","Iasi (judet), Strada Petre Buzatov","53 500 € ",3,62,68 m²,,1,1,2018,,3326859,Data publicarii: 8 luni în urmăData modificarii: 9 ore în urmă,nou,apartament,3326859-image1.jpg,3326859-image2.jpg
"0% Comision. Apartament cu 2 camere, NOU, zona Bucium","Iasi (judet), Strada Petre Buzatov","41 500 € ",2,48,55 m²,,,1,2018,,3326827,Data publicarii: 8 luni în urmăData modificarii: 9 ore în urmă,nou,apartament,3326827-image1.jpg,3326827-image2.jpg
"Apartament Nou 1 camera, Tudor Vladimirescu, comision 0% la cumparator","Iasi (judet), Tudor Vladimirescu","48 000 € ",1,40,41 m²,decomandat,9,1,,13,3779619,Data publicarii: 7 zile în urmăData modificarii: 9 ore în urmă,nou,apartament,3779619-image1.jpg,3779619-image2.jpg
Apartament 2 camere Decomandat Finalizat si Intabulat,"Iasi (judet), Soseaua Rediu","60 000 € ",2,62,75 m²,decomandat,3,1,2018,7,3530056,Data publicarii: 5 luni în urmăData modificarii: o zi în urmă,nou,apartament,3530056-image1.jpg,3530056-image2.jpg
"NICOLINA rond vechi Ap 2 camere ,decomandat , etaj 3/4 cu pod!","Iasi (judet), Nicolina 1","65 000 € ",2,58,68 m²,decomandat,3,1,1985,4,3584297,Data publicarii: 4 luni în urmăData modificarii: o zi în urmă,utilizat,apartament,3584297-image1.jpg,3584297-image2.jpg
"Apartament 3 camere etaj 3, fara risc Tatarasi Neuro!","Iasi (judet), Tatarasi Nord","40 000 € ",3,47,47 m²,nedecomandat,3,1,1970,4,3770016,Data publicarii: 14 zile în urmăData modificarii: 10 ore în urmă,utilizat,apartament,3770016-image1.jpg,3770016-image2.jpg
"Rond Vechi Residence , 1 camera, Nicolina Bloc Nou","Iasi (judet), Strada Razoarelor","42 500 € ",1,33,43 m²,decomandat,7,1,2019,11,3730739,Data publicarii: o lună în urmăData modificarii: 10 ore în urmă,nou,apartament,3730739-image1.jpg,3730739-image2.jpg
"Apartament Nou 2 camere, C.U.G., comision 0% la cumparator","Iasi (judet), CUG","47 000 € ",2,62,63 m²,decomandat,2,1,2018,10,3514601,Data publicarii: 5 luni în urmăData modificarii: 10 ore în urmă,nou,apartament,3514601-image1.jpg,3514601-image2.jpg
"NICOLINA prima statie Ap 3 camere ,2 bai , etaj intermediar","Iasi (judet), Nicolina 1","85 000 € ",3,77,90 m²,decomandat,2,2,1983,4,3546103,Data publicarii: 5 luni în urmăData modificarii: 10 ore în urmă,utilizat,apartament,3546103-image1.jpg,3546103-image2.jpg
"Lazar Residence, 2 camere, Centru-Palas Mall","Iasi (judet), Strada Profesor Sesan A.","55 120 € ",1,38,48 m²,semidecomandat,5,1,2019,,3730660,Data publicarii: o lună în urmăData modificarii: 10 ore în urmă,nou,apartament,3730660-image1.jpg,3730660-image2.jpg
"Garsoniera nou, Etaj 1, Bloc cu lift, Frumoasa/Lidl","Iasi (judet), Bulevardul Poitiers","17 500 € ",1,17,21 m²,decomandat,1,1,2018,4,3605987,Data publicarii: 4 luni în urmăData modificarii: 11 ore în urmă,nou,garsoniera,3605987-image1.jpg,3605987-image2.jpg
Apartament Nou 2 camere de vanzare Bucium,"Iasi (judet), Bucium","54 000 € ",2,54,55 m²,,3,1,2018,5,3514430,Data publicarii: 5 luni în urmăData modificarii: 11 ore în urmă,nou,apartament,3514430-image1.jpg,3514430-image2.jpg
"Tatarasi-rond tramvai 11, apartament 3 camere, 45mp.","Iasi (judet), Strada Tatarasi","40 000 € ",3,45,45 m²,semidecomandat,3,1,1970,4,3731904,Data publicarii: o lună în urmăData modificarii: 5 ore în urmă,utilizat,apartament,3731904-image1.jpg,3731904-image2.jpg
"Concept Salciilor, 2 camere, Nicolina 1","Iasi (judet), Strada Salciilor","49 150 € ",2,47,58 m²,semidecomandat,7,1,2019,10,3730563,Data publicarii: o lună în urmăData modificarii: 11 ore în urmă,nou,apartament,3730563-image1.jpg,3730563-image2.jpg
"Comision 0%! Apartament 3 camere, zona Nicolina - CUG!","Iasi (judet), CUG","54 000 € ",3,61,75 m²,,,,2017,,567504,Data publicarii: 2 ani în urmăData modificarii: 11 ore în urmă,,,567504-image1.jpg,567504-image2.jpg
"3 camere, Decomandat, Podu Ros, recent renovat 57000 Euro","Iasi (judet), Iasi","57 000 € ",3,60,70 m²,decomandat,4,1,1965,4,3789588,Data publicarii: 11 ore în urmăData modificarii: 11 ore în urmă,renovat,apartament,3789588-image1.jpg,3789588-image2.jpg
APARTAMENT 3 CAMERE LUX GARA MARE 90000 EURO,"Iasi (judet), Strada Garii","90 000 € ",3,70,76 m²,decomandat,6,2,1982,9,3748826,Data publicarii: o lună în urmăData modificarii: 8 ore în urmă,renovat,apartament,3748826-image1.jpg,3748826-image2.jpg
Apartament Nou la revanzare 3 camere de vanzare Popas Pacurari,"Iasi (judet), Pacurari","62 000 € ",3,65,75 m²,decomandat,Parter,1,2018,4,3783229,Data publicarii: 4 zile în urmăData modificarii: 3 zile în urmă,nou,apartament,3783229-image1.jpg,3783229-image2.jpg
"Ap 2 camere, bloc nou, 48.7 mp, Centru - Gara(Str. Arcu)","Iasi (judet), Strada Bacinschi","65 745 € ",2,49,"48,70 m²",nedecomandat,3,1,2020,8,3575686,Data publicarii: 4 luni în urmăData modificarii: 6 zile în urmă,renovat,apartament,3575686-image1.jpg,3575686-image2.jpg
"Pacurari - Munca invalizilor, Apartament 3 camere D, 2 bai, Et. 3/8","Iasi (judet), Pacurari","83 000 € ",3,76,86 m²,decomandat,3,2,1984,8,3487507,Data publicarii: 6 luni în urmăData modificarii: 5 ore în urmă,utilizat,apartament,3487507-image1.jpg,3487507-image2.jpg
"Apartament 2 camere, Etaj 3/10, Finisaje Premium, Ideal investitie","Iasi (judet), Copou","49 300 € ",2,47,57 m²,semidecomandat,3,1,2019,10,3540941,Data publicarii: 5 luni în urmăData modificarii: 11 ore în urmă,nou,apartament,3540941-image1.jpg,3540941-image2.jpg
"Direct la Dezv! Rate la Dezv! Ap 3 Cam Dec, 60 mp, Iasi/Cug","Iasi (judet), Strada Garii","43 000 € ",3,60,74 m²,decomandat,1,1,2018,2,3647205,Data publicarii: 3 luni în urmăData modificarii: 11 ore în urmă,nou,apartament,3647205-image1.jpg,3647205-image2.jpg
"VALABIL! Ap. 3 camere, ETAJUL 1, Alexandru cel Bun-P. Voievozilor","Iasi (judet), Alexandru cel Bun","84 900 € ",3,72,80 m²,decomandat,1,1,1977,9,3769771,Data publicarii: 14 zile în urmăData modificarii: 11 ore în urmă,utilizat,apartament,3769771-image1.jpg,3769771-image2.jpg
Poze reale ! 2 camere Cug - 38.500 Euro,"Iasi (judet), CUG","38 500 € ",2,48,52 m²,decomandat,Parter,1,2019,3,3698266,Data publicarii: 2 luni în urmăData modificarii: 8 ore în urmă,nou,apartament,3698266-image1.jpg,3698266-image2.jpg
"Apartament Nou 3 camere, Moara de Vant, comision 0% la cumparator","Iasi (judet), Moara de Vant","95 000 € ",3,66,79 m²,decomandat,1,1,2018,3,3514350,Data publicarii: 5 luni în urmăData modificarii: 11 ore în urmă,nou,apartament,3514350-image1.jpg,3514350-image2.jpg
"Apartament 2 camere, Etaj 2/10, Orientare VEST, Posibilitate Rate!","Iasi (judet), Copou","56 300 € ",2,54,64 m²,semidecomandat,2,1,2019,10,3540899,Data publicarii: 5 luni în urmăData modificarii: 11 ore în urmă,nou,apartament,3540899-image1.jpg,3540899-image2.jpg
"Direct la Dezv! Rate la Dezv! Ap 3 Cam Dec, 60 mp, Iasi/Cug","Iasi (judet), CUG","43 000 € ",3,60,72 m²,decomandat,1,1,2018,2,3573157,Data publicarii: 4 luni în urmăData modificarii: 11 ore în urmă,nou,apartament,3573157-image1.jpg,3573157-image2.jpg
Apartamente noi cu 3 camere decomandate in Iasi situate pe zona Copou,"Iasi (judet), Copou","86 750 € ",3,82,82 m²,decomandat,1,2,2019,10,1943909,Data publicarii: 2 ani în urmăData modificarii: o zi în urmă,nou,apartament,1943909-image1.jpg,1943909-image2.jpg
"0% Comision. Apartament cu 2 camere, NOU, zona Nicolina","Iasi (judet), Strada Carpati","58 429 € ",2,49,55 m²,,3,1,2018,,3329273,Data publicarii: 8 luni în urmăData modificarii: 28 de minute în urmă,nou,apartament,3329273-image1.jpg,3329273-image2.jpg
Apartament NOU 2 camere -> direct de la dezvoltator- Valea Lupului,"Iasi (judet), Pacurari","55 000 € ",2,59,59 m²,decomandat,3,1,2019,4,3697294,Data publicarii: 2 luni în urmăData modificarii: o zi în urmă,nou,apartament,3697294-image1.jpg,3697294-image2.jpg
Apartament NOU 2 camere -> direct de la dezvoltator- Popas Pacurari,"Iasi (judet), Pacurari","52 000 € ",2,58,58 m²,decomandat,Parter,1,2019,4,3697293,Data publicarii: 2 luni în urmăData modificarii: o zi în urmă,nou,apartament,3697293-image1.jpg,3697293-image2.jpg
"Bloc Nou! Utilat si Mobilat! Ap 1 CD, 20 mp utili, Iasi/Metalurgiei","Iasi (judet), Strada Vasile Lupu","24 900 € ",1,20,25 m²,decomandat,1,1,2018,3,3748028,Data publicarii: o lună în urmăData modificarii: 12 ore în urmă,nou,apartament,3748028-image1.jpg,3748028-image2.jpg
Apartament Nou 1 camere de vanzare Tatarasi - Metalurgie,"Iasi (judet), Tatarasi Sud","41 278 € ",1,44,45 m²,decomandat,1,1,2019,12,3605794,Data publicarii: 4 luni în urmăData modificarii: 12 ore în urmă,nou,apartament,3605794-image1.jpg,3605794-image2.jpg
Apartament 90mp 2 bai Bucium-Hanul 3 Sarmale,"Iasi (judet), Iasi","71 000 € ",3,95,96 m²,decomandat,2,2,2008,,3545700,Data publicarii: 5 luni în urmăData modificarii: 12 ore în urmă,nou,apartament,3545700-image1.jpg,3545700-image2.jpg
"Bloc Nou! Ap 2 cam, Etajul 2, Complet Mobilat si Utilat","Iasi (judet), Strada Valea Adanca","50 000 € ",2,48,57 m²,decomandat,2,1,2018,4,3647173,Data publicarii: 3 luni în urmăData modificarii: 13 ore în urmă,nou,apartament,3647173-image1.jpg,3647173-image2.jpg
